objective,attribution,n,ok_solo,ok_logo,ok_shapley,rho_solo,rho_logo,rho_shapley,alpha,fusedF1
macroF1_dirichlet,raw,10,4,5,4,0.60±0.46,0.65±0.47,0.60±0.46,0.465±0.055 / 0.262±0.067 / 0.273±0.098,96.03±0.58
macroF1_dirichlet,eff_true_micro,10,10,9,10,1.00±0.00,0.95±0.16,1.00±0.00,0.650±0.041 / 0.231±0.050 / 0.119±0.048,96.03±0.58
macroF1_dirichlet,eff_true_macro,10,9,8,9,0.95±0.16,0.90±0.21,0.95±0.16,0.672±0.040 / 0.212±0.047 / 0.116±0.047,96.03±0.58
macroF1_dirichlet,eff_pred_micro,10,10,9,10,1.00±0.00,0.95±0.16,1.00±0.00,0.653±0.042 / 0.229±0.050 / 0.119±0.049,96.03±0.58
macroF1_dirichlet,eff_pred_macro,10,9,8,9,0.95±0.16,0.90±0.21,0.95±0.16,0.676±0.040 / 0.209±0.046 / 0.115±0.047,96.03±0.58
nll,raw,10,10,9,10,1.00±0.00,0.95±0.16,1.00±0.00,1.000±0.001 / 0.000±0.001 / 0.000±0.000,95.43±0.37
nll,eff_true_micro,10,10,9,10,1.00±0.00,0.95±0.16,1.00±0.00,1.000±0.000 / 0.000±0.000 / 0.000±0.000,95.43±0.37
nll,eff_true_macro,10,10,9,10,1.00±0.00,0.95±0.16,1.00±0.00,1.000±0.000 / 0.000±0.000 / 0.000±0.000,95.43±0.37
nll,eff_pred_micro,10,10,9,10,1.00±0.00,0.95±0.16,1.00±0.00,1.000±0.000 / 0.000±0.000 / 0.000±0.000,95.43±0.37
nll,eff_pred_macro,10,10,9,10,1.00±0.00,0.95±0.16,1.00±0.00,1.000±0.000 / 0.000±0.000 / 0.000±0.000,95.43±0.37
brier,raw,10,10,9,10,1.00±0.00,0.95±0.16,1.00±0.00,0.977±0.006 / 0.023±0.006 / 0.000±0.000,95.50±0.39
brier,eff_true_micro,10,10,9,10,1.00±0.00,0.95±0.16,1.00±0.00,0.985±0.004 / 0.015±0.004 / 0.000±0.000,95.50±0.39
brier,eff_true_macro,10,10,9,10,1.00±0.00,0.95±0.16,1.00±0.00,0.987±0.003 / 0.013±0.003 / 0.000±0.000,95.50±0.39
brier,eff_pred_micro,10,10,9,10,1.00±0.00,0.95±0.16,1.00±0.00,0.986±0.004 / 0.014±0.004 / 0.000±0.000,95.50±0.39
brier,eff_pred_macro,10,10,9,10,1.00±0.00,0.95±0.16,1.00±0.00,0.987±0.003 / 0.013±0.003 / 0.000±0.000,95.50±0.39
loglinear_nll,raw,10,4,5,4,0.70±0.26,0.75±0.26,0.70±0.26,0.518±0.016 / 0.242±0.027 / 0.239±0.023,96.44±0.46
