split,objective,attribution,fused_f1,val_color,val_texture,val_shape,ok_solo,rho_solo,ok_logo,rho_logo,ok_shapley,rho_shapley,w_color,w_texture,w_shape
0,macroF1_dirichlet,raw,96.24146502463414,0.5029629094114328,0.2575361413705806,0.23950094921798643,True,1.0,True,1.0,True,1.0,,,
0,macroF1_dirichlet,eff_true_micro,96.24146502463414,0.6824938312000741,0.21890239480208912,0.09860377399783665,True,1.0,True,1.0,True,1.0,,,
0,macroF1_dirichlet,eff_true_macro,96.24146502463414,0.7046192956122127,0.19969286530630748,0.09568783908147978,True,1.0,True,1.0,True,1.0,,,
0,macroF1_dirichlet,eff_pred_micro,96.24146502463414,0.6860738624497963,0.21642780635807757,0.09749833119212623,True,1.0,True,1.0,True,1.0,,,
0,macroF1_dirichlet,eff_pred_macro,96.24146502463414,0.7089470837824364,0.19717469729125023,0.09387821892631333,True,1.0,True,1.0,True,1.0,,,
0,nll,raw,95.63754789674988,0.9992805635534019,0.0007194364465982461,1.396842508394394e-20,True,1.0,True,1.0,True,1.0,,,
0,nll,eff_true_micro,95.63754789674988,0.9995492261231661,0.000450773876833942,4.239237202069219e-21,True,1.0,True,1.0,True,1.0,,,
0,nll,eff_true_macro,95.63754789674988,0.9996016748192148,0.00039832518078524365,3.984904459564683e-21,True,1.0,True,1.0,True,1.0,,,
0,nll,eff_pred_micro,95.63754789674988,0.9995635767170608,0.0004364232829391926,4.110305383240755e-21,True,1.0,True,1.0,True,1.0,,,
0,nll,eff_pred_macro,95.63754789674988,0.9996143214581298,0.0003856785418702548,3.840982755295257e-21,True,1.0,True,1.0,True,1.0,,,
0,brier,raw,95.72311575321744,0.9762257031005103,0.023774296899489504,1.6275598582201322e-16,True,1.0,True,1.0,True,1.0,,,
0,brier,eff_true_micro,95.72311575321744,0.9849743958612338,0.015025604138766182,4.982361110669943e-17,True,1.0,True,1.0,True,1.0,,,
0,brier,eff_true_macro,95.72311575321744,0.9867000990238928,0.013299900976107192,4.691404060067612e-17,True,1.0,True,1.0,True,1.0,,,
0,brier,eff_pred_micro,95.72311575321744,0.9854299463402664,0.014570053659733613,4.841013505973746e-17,True,1.0,True,1.0,True,1.0,,,
0,brier,eff_pred_macro,95.72311575321744,0.9871028438389089,0.012897156161091076,4.529909303403365e-17,True,1.0,True,1.0,True,1.0,,,
0,loglinear_nll,raw,96.94336712968295,0.5230254932155292,0.24013554986971053,0.23683895691476026,True,1.0,True,1.0,True,1.0,1.0494279217006404,0.4818215446381009,0.4752070741423371
1,macroF1_dirichlet,raw,95.96605628925644,0.3805217775615367,0.20337828180080178,0.4160999406376614,False,-0.5,False,-0.5,False,-0.5,,,
1,macroF1_dirichlet,eff_true_micro,95.96605628925644,0.5984682098943571,0.2029369670023285,0.1985948231033144,True,1.0,True,1.0,True,1.0,,,
1,macroF1_dirichlet,eff_true_macro,95.96605628925644,0.6193223553139361,0.18687893606231418,0.19379870862374962,False,0.5,False,0.5,False,0.5,,,
1,macroF1_dirichlet,eff_pred_micro,95.96605628925644,0.6003139772153802,0.20094589802357973,0.19874012476104005,True,1.0,True,1.0,True,1.0,,,
1,macroF1_dirichlet,eff_pred_macro,95.96605628925644,0.6239280232479609,0.1840690558121073,0.19200292093993163,False,0.5,False,0.5,False,0.5,,,
1,nll,raw,95.66188784034632,0.9998100577045175,0.0001899422954826718,0.0,True,1.0,True,1.0,True,1.0,,,
1,nll,eff_true_micro,95.66188784034632,0.9998794834029495,0.000120516597050457,0.0,True,1.0,True,1.0,True,1.0,,,
1,nll,eff_true_macro,95.66188784034632,0.9998927552251862,0.00010724477481385669,0.0,True,1.0,True,1.0,True,1.0,,,
1,nll,eff_pred_micro,95.66188784034632,0.9998834646500498,0.0001165353499501512,0.0,True,1.0,True,1.0,True,1.0,,,
1,nll,eff_pred_macro,95.66188784034632,0.9998972295672632,0.00010277043273675539,0.0,True,1.0,True,1.0,True,1.0,,,
1,brier,raw,95.73824273358606,0.976247735733162,0.023752264266837884,3.0904581605882067e-16,True,1.0,True,1.0,True,1.0,,,
1,brier,eff_true_micro,95.73824273358606,0.9847984678136845,0.015201532186315392,9.460604632075059e-17,True,1.0,True,1.0,True,1.0,,,
1,brier,eff_true_macro,95.73824273358606,0.9864500216083277,0.013549978391672202,8.93622099546803e-17,True,1.0,True,1.0,True,1.0,,,
1,brier,eff_pred_micro,95.73824273358606,0.9852762675754029,0.014723732424596956,9.13482177124924e-17,True,1.0,True,1.0,True,1.0,,,
1,brier,eff_pred_macro,95.73824273358606,0.9869999575168682,0.013000042483131736,8.514214487048279e-17,True,1.0,True,1.0,True,1.0,,,
1,loglinear_nll,raw,96.29310583496998,0.5171653772077395,0.23780075711019857,0.24503386568206192,False,0.5,False,0.5,False,0.5,1.0114943812484327,0.46510099143193284,0.47924781757660107
2,macroF1_dirichlet,raw,95.35630729266576,0.5523136793380856,0.3551972840661083,0.092489036595806,True,1.0,True,1.0,True,1.0,,,
2,macroF1_dirichlet,eff_true_micro,95.35630729266576,0.6831909836547685,0.28171719531808587,0.03509182102714556,True,1.0,True,1.0,True,1.0,,,
2,macroF1_dirichlet,eff_true_macro,95.35630729266576,0.7072385352129642,0.25775787759540747,0.035003587191628334,True,1.0,True,1.0,True,1.0,,,
2,macroF1_dirichlet,eff_pred_micro,95.35630729266576,0.6858437599994419,0.2796229416021071,0.034533298398450964,True,1.0,True,1.0,True,1.0,,,
2,macroF1_dirichlet,eff_pred_macro,95.35630729266576,0.7127359345210391,0.25302948197074143,0.03423458350821944,True,1.0,True,1.0,True,1.0,,,
2,nll,raw,95.12169766264846,0.9987686173456477,0.0012313826543524503,4.0686189207570897e-19,True,1.0,True,1.0,True,1.0,,,
2,nll,eff_true_micro,95.12169766264846,0.999210099566566,0.000789900433434006,1.248527939012693e-19,True,1.0,True,1.0,True,1.0,,,
2,nll,eff_true_macro,95.12169766264846,0.9993017884914746,0.0006982115085253823,1.2031533171035955e-19,True,1.0,True,1.0,True,1.0,,,
2,nll,eff_pred_micro,95.12169766264846,0.9992336219353247,0.0007663780646752613,1.2120468998860374e-19,True,1.0,True,1.0,True,1.0,,,
2,nll,eff_pred_macro,95.12169766264846,0.9993308669425957,0.0006691330574043994,1.1583442008426366e-19,True,1.0,True,1.0,True,1.0,,,
2,brier,raw,95.14120176612761,0.9770850056502518,0.022914994349748346,0.0,True,1.0,True,1.0,True,1.0,,,
2,brier,eff_true_micro,95.14120176612761,0.9851853046802892,0.014814695319710745,0.0,True,1.0,True,1.0,True,1.0,,,
2,brier,eff_true_macro,95.14120176612761,0.9868835737824007,0.013116426217599404,0.0,True,1.0,True,1.0,True,1.0,,,
2,brier,eff_pred_micro,95.14120176612761,0.9856156056436058,0.01438439435639412,0.0,True,1.0,True,1.0,True,1.0,,,
2,brier,eff_pred_macro,95.14120176612761,0.9874222794093198,0.012577720590680191,0.0,True,1.0,True,1.0,True,1.0,,,
2,loglinear_nll,raw,95.8180416871901,0.50127671023246,0.26703632168044217,0.23168696808709777,True,1.0,True,1.0,True,1.0,1.0344913595616456,0.5510863796952307,0.47813545236919147
3,macroF1_dirichlet,raw,95.96686798899654,0.4255349847644094,0.2488489706098637,0.32561604462572696,False,0.5,False,0.5,False,0.5,,,
3,macroF1_dirichlet,eff_true_micro,95.96686798899654,0.6253225712750413,0.22982595563847302,0.14485147308648563,True,1.0,True,1.0,True,1.0,,,
3,macroF1_dirichlet,eff_true_macro,95.96686798899654,0.6469915785893184,0.21143402242528675,0.14157439898539503,True,1.0,True,1.0,True,1.0,,,
3,macroF1_dirichlet,eff_pred_micro,95.96686798899654,0.6269232064516875,0.2284037601006821,0.14467303344763036,True,1.0,True,1.0,True,1.0,,,
3,macroF1_dirichlet,eff_pred_macro,95.96686798899654,0.6510364572997902,0.20839423667855547,0.14056930602165435,True,1.0,True,1.0,True,1.0,,,
3,nll,raw,95.17390020053207,1.0,1.0351170833382587e-16,9.743687222867504e-102,True,1.0,True,1.0,True,1.0,,,
3,nll,eff_true_micro,95.17390020053207,0.9999999999999999,6.505547736616437e-17,2.949657698565891e-102,True,1.0,True,1.0,True,1.0,,,
3,nll,eff_true_macro,95.17390020053207,1.0,5.784490906196668e-17,2.78637078297082e-102,True,1.0,True,1.0,True,1.0,,,
3,nll,eff_pred_micro,95.17390020053207,0.9999999999999999,6.3201894522232e-17,2.85999735927303e-102,True,1.0,True,1.0,True,1.0,,,
3,nll,eff_pred_macro,95.17390020053207,1.0,5.599414921242709e-17,2.6928140284824415e-102,True,1.0,True,1.0,True,1.0,,,
3,brier,raw,95.17390020053207,0.9784812505864552,0.02151874941354443,5.291066330345895e-16,True,1.0,True,1.0,True,1.0,,,
3,brier,eff_true_micro,95.17390020053207,0.9863668138743152,0.013633186125684663,1.6146464250829237e-16,True,1.0,True,1.0,True,1.0,,,
3,brier,eff_true_macro,95.17390020053207,0.9878595333063653,0.012140466693634517,1.5275712156507072e-16,True,1.0,True,1.0,True,1.0,,,
3,brier,eff_pred_micro,95.17390020053207,0.9867501084558343,0.013249891544165492,1.566174606856734e-16,True,1.0,True,1.0,True,1.0,,,
3,brier,eff_pred_macro,95.17390020053207,0.988243403359291,0.011756596640708952,1.4768542887739635e-16,True,1.0,True,1.0,True,1.0,,,
3,loglinear_nll,raw,96.2381633516242,0.5296103761906245,0.20620344017037476,0.26418618363900087,False,0.5,False,0.5,False,0.5,1.0644069108458047,0.41442610761562304,0.5309593849689184
4,macroF1_dirichlet,raw,96.48305778661287,0.4492827136133704,0.2464385804594626,0.30427870592716716,False,0.5,False,0.5,False,0.5,,,
4,macroF1_dirichlet,eff_true_micro,96.48305778661287,0.6455719348829942,0.2230776282244688,0.13135043689253695,True,1.0,True,1.0,True,1.0,,,
4,macroF1_dirichlet,eff_true_macro,96.48305778661287,0.6679857136233079,0.20380519052773963,0.1282090958489526,True,1.0,True,1.0,True,1.0,,,
4,macroF1_dirichlet,eff_pred_micro,96.48305778661287,0.6482381304429043,0.2210072794725213,0.1307545900845744,True,1.0,True,1.0,True,1.0,,,
4,macroF1_dirichlet,eff_pred_macro,96.48305778661287,0.6714583361921115,0.20173329788983735,0.12680836591805125,True,1.0,True,1.0,True,1.0,,,
4,nll,raw,95.3470490974812,1.0,9.615095921703225e-17,0.0,True,1.0,True,1.0,True,1.0,,,
4,nll,eff_true_micro,95.3470490974812,0.9999999999999999,6.057257109812927e-17,0.0,True,1.0,True,1.0,True,1.0,,,
4,nll,eff_true_macro,95.3470490974812,1.0,5.3482622939602155e-17,0.0,True,1.0,True,1.0,True,1.0,,,
4,nll,eff_pred_micro,95.3470490974812,1.0,5.858281593194111e-17,0.0,True,1.0,True,1.0,True,1.0,,,
4,nll,eff_pred_macro,95.3470490974812,1.0,5.1989092565057937e-17,0.0,True,1.0,True,1.0,True,1.0,,,
4,brier,raw,95.53014110729224,0.972862312379881,0.027137687620119005,9.51103398731153e-17,True,1.0,True,1.0,True,1.0,,,
4,brier,eff_true_micro,95.53014110729224,0.9827305579178969,0.0172694420821032,2.886329066867129e-17,True,1.0,True,1.0,True,1.0,,,
4,brier,eff_true_macro,95.53014110729224,0.9847210413929829,0.015278958607017088,2.7282827923235523e-17,True,1.0,True,1.0,True,1.0,,,
4,brier,eff_pred_micro,95.53014110729224,0.9832599293342507,0.01674007066574933,2.8176128386782965e-17,True,1.0,True,1.0,True,1.0,,,
4,brier,eff_pred_macro,95.53014110729224,0.9851375998680036,0.014862400131996365,2.6534549078407285e-17,True,1.0,True,1.0,True,1.0,,,
4,loglinear_nll,raw,96.46101249518834,0.5116808266847591,0.2679086121800973,0.2204105611351436,True,1.0,True,1.0,True,1.0,1.0284283926414037,0.538470095087058,0.4430036602662434
5,macroF1_dirichlet,raw,95.7911028860401,0.4492827136133704,0.2464385804594626,0.30427870592716716,False,0.5,False,0.5,False,0.5,,,
5,macroF1_dirichlet,eff_true_micro,95.7911028860401,0.6432780517321456,0.22277208944783428,0.13394985882002033,True,1.0,True,1.0,True,1.0,,,
5,macroF1_dirichlet,eff_true_macro,95.7911028860401,0.6628058698601793,0.20517926812034734,0.13201486201947327,True,1.0,True,1.0,True,1.0,,,
5,macroF1_dirichlet,eff_pred_micro,95.7911028860401,0.6478234204404052,0.21905453260287464,0.13312204695672009,True,1.0,True,1.0,True,1.0,,,
5,macroF1_dirichlet,eff_pred_macro,95.7911028860401,0.6693238845948695,0.20066829593404722,0.13000781947108328,True,1.0,True,1.0,True,1.0,,,
5,nll,raw,95.02058868584804,1.0,1.0365856764441302e-16,1.0247970198448585e-16,True,1.0,True,1.0,True,1.0,,,
5,nll,eff_true_micro,95.02058868584804,0.9999999999999999,6.544526922757379e-17,3.15086306140345e-17,True,1.0,True,1.0,True,1.0,,,
5,nll,eff_true_macro,95.02058868584804,1.0,5.850100737449323e-17,3.013855892236826e-17,True,1.0,True,1.0,True,1.0,,,
5,nll,eff_pred_micro,95.02058868584804,0.9999999999999999,6.295470751754752e-17,3.067799620848079e-17,True,1.0,True,1.0,True,1.0,,,
5,nll,eff_pred_macro,95.02058868584804,1.0,5.583481421945068e-17,2.8953914565799314e-17,True,1.0,True,1.0,True,1.0,,,
5,brier,raw,95.02236677151417,0.9779692413633168,0.022030758636683086,2.602664859884385e-16,True,1.0,True,1.0,True,1.0,,,
5,brier,eff_true_micro,95.02236677151417,0.9859768993304718,0.014023100669527952,8.067732084793971e-17,True,1.0,True,1.0,True,1.0,,,
5,brier,eff_true_macro,95.02236677151417,0.9874461818672232,0.012553818132776732,7.728427130310047e-17,True,1.0,True,1.0,True,1.0,,,
5,brier,eff_pred_micro,95.02236677151417,0.9864960878222958,0.013503912177704025,7.865073610028785e-17,True,1.0,True,1.0,True,1.0,,,
5,brier,eff_pred_macro,95.02236677151417,0.9880034032389652,0.01199659676103471,7.435741746311265e-17,True,1.0,True,1.0,True,1.0,,,
5,loglinear_nll,raw,96.1012084117554,0.5296836431289024,0.2179638963496994,0.2523524605213981,False,0.5,False,0.5,False,0.5,1.0137413175083636,0.4171527860471022,0.4829677471146371
6,macroF1_dirichlet,raw,94.94773877594162,0.48436057980559544,0.38737256079441984,0.12826685939998464,True,1.0,True,1.0,True,1.0,,,
6,macroF1_dirichlet,eff_true_micro,94.94773877594162,0.6282166899206789,0.32166616752940314,0.050117142549917774,True,1.0,True,1.0,True,1.0,,,
6,macroF1_dirichlet,eff_true_macro,94.94773877594162,0.6512763645305528,0.2992285319442417,0.04949510352520553,True,1.0,True,1.0,True,1.0,,,
6,macroF1_dirichlet,eff_pred_micro,94.94773877594162,0.6295803239456392,0.3211107473835444,0.0493089286708164,True,1.0,True,1.0,True,1.0,,,
6,macroF1_dirichlet,eff_pred_macro,94.94773877594162,0.6562198713538513,0.2957353237788949,0.04804480486725383,True,1.0,True,1.0,True,1.0,,,
6,nll,raw,94.99866591949167,1.0,3.516632642592584e-18,5.100052724911659e-111,True,1.0,True,1.0,True,1.0,,,
6,nll,eff_true_micro,94.99866591949167,1.0,2.2514528345263892e-18,1.5364054054605092e-111,True,1.0,True,1.0,True,1.0,,,
6,nll,eff_true_macro,94.99866591949167,1.0,2.020247710469644e-18,1.4636118416521637e-111,True,1.0,True,1.0,True,1.0,,,
6,nll,eff_pred_micro,94.99866591949167,1.0,2.1786808388320395e-18,1.4880478044969956e-111,True,1.0,True,1.0,True,1.0,,,
6,nll,eff_pred_macro,94.99866591949167,1.0,1.9391560427089413e-18,1.4026354028084966e-111,True,1.0,True,1.0,True,1.0,,,
6,brier,raw,95.19630513587765,0.9731278809733828,0.026872119026617382,3.592649981992683e-17,True,1.0,True,1.0,True,1.0,,,
6,brier,eff_true_micro,95.19630513587765,0.9826277184243858,0.017372281575614237,1.0928615922050047e-17,True,1.0,True,1.0,True,1.0,,,
6,brier,eff_true_macro,95.19630513587765,0.9843838455022553,0.015616154497744615,1.0429433483726182e-17,True,1.0,True,1.0,True,1.0,,,
6,brier,eff_pred_micro,95.19630513587765,0.983162479992843,0.016837520007156975,1.0605168590727207e-17,True,1.0,True,1.0,True,1.0,,,
6,brier,eff_pred_macro,95.19630513587765,0.9850009863879436,0.014999013612056349,1.0011033469943643e-17,True,1.0,True,1.0,True,1.0,,,
6,loglinear_nll,raw,96.08653798598505,0.5163724264293469,0.2954418729384258,0.18818570063222725,True,1.0,True,1.0,True,1.0,1.0180383067169587,0.5824694128989769,0.3710117779617543
7,macroF1_dirichlet,raw,96.99980204050279,0.4286420753335595,0.22477428701717583,0.34658363764926453,False,0.5,True,1.0,False,0.5,,,
7,macroF1_dirichlet,eff_true_micro,96.99980204050279,0.6342105537316912,0.20790861394688215,0.15788083232142672,True,1.0,False,0.5,True,1.0,,,
7,macroF1_dirichlet,eff_true_macro,96.99980204050279,0.6568495417241923,0.1898561935969694,0.15329426467883828,True,1.0,False,0.5,True,1.0,,,
7,macroF1_dirichlet,eff_pred_micro,96.99980204050279,0.6360915680643461,0.20610932223664616,0.1577991096990078,True,1.0,False,0.5,True,1.0,,,
7,macroF1_dirichlet,eff_pred_macro,96.99980204050279,0.6604731161035874,0.18781515868943485,0.15171172520697793,True,1.0,False,0.5,True,1.0,,,
7,nll,raw,96.18267774173933,1.0,1.030474004897744e-16,1.0178193166616825e-16,True,1.0,False,0.5,True,1.0,,,
7,nll,eff_true_micro,96.18267774173933,0.9999999999999999,6.442052045912983e-17,3.133670828218077e-17,True,1.0,False,0.5,True,1.0,,,
7,nll,eff_true_macro,96.18267774173933,1.0,5.679944328881902e-17,2.9377676048018656e-17,True,1.0,False,0.5,True,1.0,,,
7,nll,eff_pred_micro,96.18267774173933,0.9999999999999999,6.250799312449876e-17,3.038762617883716e-17,True,1.0,False,0.5,True,1.0,,,
7,nll,eff_pred_macro,96.18267774173933,1.0,5.508879161960485e-17,2.832970122969658e-17,True,1.0,False,0.5,True,1.0,,,
7,brier,raw,96.31012240601187,0.9768895222234137,0.023110477776586195,1.678709715826971e-16,True,1.0,False,0.5,True,1.0,,,
7,brier,eff_true_micro,96.31012240601187,0.9854261351637194,0.014573864836280656,5.2135904757846054e-17,True,1.0,False,0.5,True,1.0,,,
7,brier,eff_true_macro,96.31012240601187,0.9871280599558099,0.012871940044190136,4.8961013406117364e-17,True,1.0,False,0.5,True,1.0,,,
7,brier,eff_pred_micro,96.31012240601187,0.9858267646881326,0.01417323531186747,5.063177296385249e-17,True,1.0,False,0.5,True,1.0,,,
7,brier,eff_pred_macro,96.31012240601187,0.9874846547123854,0.012515345287614535,4.7264471731811317e-17,True,1.0,False,0.5,True,1.0,,,
7,loglinear_nll,raw,97.41144223211137,0.5014464811365921,0.23369336665424326,0.26486015220916465,False,0.5,True,1.0,False,0.5,1.0606152633357633,0.4942875479991563,0.560208777307091
8,macroF1_dirichlet,raw,96.2539456934677,0.5431266433218399,0.1607502167734574,0.2961231399047029,False,0.5,False,0.5,False,0.5,,,
8,macroF1_dirichlet,eff_true_micro,96.2539456934677,0.7404062508404542,0.13705352536562476,0.12254022379392106,True,1.0,True,1.0,True,1.0,,,
8,macroF1_dirichlet,eff_true_macro,96.2539456934677,0.7577459623573997,0.12474438483360037,0.11750965280900012,True,1.0,True,1.0,True,1.0,,,
8,macroF1_dirichlet,eff_pred_micro,96.2539456934677,0.7437047159245042,0.13522382273166456,0.12107146134383118,True,1.0,True,1.0,True,1.0,,,
8,macroF1_dirichlet,eff_pred_macro,96.2539456934677,0.7623956415020473,0.12253879805196212,0.11506556044599058,True,1.0,True,1.0,True,1.0,,,
8,nll,raw,95.61707676929493,0.9985191791179271,0.0014808208820730527,1.3263184495932305e-18,True,1.0,True,1.0,True,1.0,,,
8,nll,eff_true_micro,95.61707676929493,0.9990733554602215,0.0009266445397786134,4.028340116394152e-19,True,1.0,True,1.0,True,1.0,,,
8,nll,eff_true_macro,95.61707676929493,0.9991757955796993,0.0008242044203007616,3.7749567402872863e-19,True,1.0,True,1.0,True,1.0,,,
8,nll,eff_pred_micro,95.61707676929493,0.9991027750617704,0.0008972249382296709,3.8769484964093314e-19,True,1.0,True,1.0,True,1.0,,,
8,nll,eff_pred_macro,95.61707676929493,0.9992053837354612,0.0007946162645387549,3.6123822774398853e-19,True,1.0,True,1.0,True,1.0,,,
8,brier,raw,95.60913537415155,0.9691700283305416,0.030829971669458354,2.315102070425819e-16,True,1.0,True,1.0,True,1.0,,,
8,brier,eff_true_micro,95.60913537415155,0.9804931392014401,0.019506860798559827,7.109713200983633e-17,True,1.0,True,1.0,True,1.0,,,
8,brier,eff_true_macro,95.60913537415155,0.9826138686872191,0.017386131312780745,6.67623679684018e-17,True,1.0,True,1.0,True,1.0,,,
8,brier,eff_pred_micro,95.60913537415155,0.9810709347202881,0.018929065279711783,6.850121864906225e-17,True,1.0,True,1.0,True,1.0,,,
8,brier,eff_pred_macro,95.60913537415155,0.9831986899896257,0.01680131001037418,6.397760991223754e-17,True,1.0,True,1.0,True,1.0,,,
8,loglinear_nll,raw,96.45734175362038,0.5028330851888291,0.23982491282418297,0.25734200198698803,False,0.5,False,0.5,False,0.5,0.9726744165680702,0.46391449574593907,0.4977993473662413
9,macroF1_dirichlet,raw,96.27216769171612,0.43581614119064804,0.2911502336487232,0.27303362516062885,True,1.0,True,1.0,True,1.0,,,
9,macroF1_dirichlet,eff_true_micro,96.27216769171612,0.6170447976131156,0.2623024680903764,0.12065273429650794,True,1.0,True,1.0,True,1.0,,,
9,macroF1_dirichlet,eff_true_macro,96.27216769171612,0.6419682169734724,0.24052598523649923,0.11750579779002827,True,1.0,True,1.0,True,1.0,,,
9,macroF1_dirichlet,eff_pred_micro,96.27216769171612,0.6205480689656819,0.26032212140804234,0.11912980962627584,True,1.0,True,1.0,True,1.0,,,
9,macroF1_dirichlet,eff_pred_macro,96.27216769171612,0.6471714818670933,0.2374627586053564,0.1153657595275504,True,1.0,True,1.0,True,1.0,,,
9,nll,raw,95.56680143421535,1.0,3.516632642592584e-18,5.100052724911659e-111,True,1.0,True,1.0,True,1.0,,,
9,nll,eff_true_micro,95.56680143421535,1.0,2.2376844973159827e-18,1.5917773293816246e-111,True,1.0,True,1.0,True,1.0,,,
9,nll,eff_true_macro,95.56680143421535,1.0,1.9722485532924834e-18,1.4900732207160581e-111,True,1.0,True,1.0,True,1.0,,,
9,nll,eff_pred_micro,95.56680143421535,1.0,2.161243513604584e-18,1.5405456480122282e-111,True,1.0,True,1.0,True,1.0,,,
9,nll,eff_pred_macro,95.56680143421535,1.0,1.894305033111374e-18,1.4298179289902111e-111,True,1.0,True,1.0,True,1.0,,,
9,brier,raw,95.60180183953317,0.9913341094836202,0.008665890516379936,8.731671816591933e-17,True,1.0,True,1.0,True,1.0,,,
9,brier,eff_true_micro,95.60180183953317,0.9944683339038299,0.005531666096170011,2.733858060505716e-17,True,1.0,True,1.0,True,1.0,,,
9,brier,eff_true_macro,95.60180183953317,0.9951213033501596,0.004878696649840383,2.560862863155544e-17,True,1.0,True,1.0,True,1.0,,,
9,brier,eff_pred_micro,95.60180183953317,0.9946551539339219,0.005344846066078067,2.6462750766569256e-17,True,1.0,True,1.0,True,1.0,,,
9,brier,eff_pred_macro,95.60180183953317,0.9953106272909934,0.004689372709006606,2.4581211681015074e-17,True,1.0,True,1.0,True,1.0,,,
9,loglinear_nll,raw,96.62403319391328,0.5515190238417707,0.2169962101144657,0.23148476604376364,False,0.5,False,0.5,False,0.5,1.0737840677456374,0.4224823861179213,0.45069098790494716
paper,macroF1_dirichlet,raw,96.29587894824549,0.47871780050240265,0.2759389881119883,0.24534321138560908,True,1.0,True,1.0,True,1.0,,,
paper,macroF1_dirichlet,eff_true_micro,96.29587894824549,0.6556024679568777,0.2392104492770066,0.1051870827661157,True,1.0,True,1.0,True,1.0,,,
paper,macroF1_dirichlet,eff_true_macro,96.29587894824549,0.6773034169321637,0.21883572237873075,0.10386086068910562,True,1.0,True,1.0,True,1.0,,,
paper,macroF1_dirichlet,eff_pred_micro,96.29587894824549,0.6579770447993052,0.23817558130038016,0.1038473739003147,True,1.0,True,1.0,True,1.0,,,
paper,macroF1_dirichlet,eff_pred_macro,96.29587894824549,0.6802838620402211,0.21744021314530024,0.1022759248144787,True,1.0,True,1.0,True,1.0,,,
paper,nll,raw,94.95808255319822,1.0,3.516632642592584e-18,5.100052724911659e-111,True,1.0,True,1.0,True,1.0,,,
paper,nll,eff_true_micro,94.95808255319822,1.0,2.2260405902485073e-18,1.596621700327872e-111,True,1.0,True,1.0,True,1.0,,,
paper,nll,eff_true_macro,94.95808255319822,1.0,1.971189887585638e-18,1.5259800202639842e-111,True,1.0,True,1.0,True,1.0,,,
paper,nll,eff_pred_micro,94.95808255319822,1.0,2.1588218768007063e-18,1.5412761016483964e-111,True,1.0,True,1.0,True,1.0,,,
paper,nll,eff_pred_macro,94.95808255319822,1.0,1.905533477466655e-18,1.4628817266939187e-111,True,1.0,True,1.0,True,1.0,,,
paper,brier,raw,94.95808255319822,0.9848236629073348,0.015176337092665219,1.0806842373372988e-16,True,1.0,True,1.0,True,1.0,,,
paper,brier,eff_true_micro,94.95808255319822,0.9903395206651621,0.00966047933483796,3.402137124629132e-17,True,1.0,True,1.0,True,1.0,,,
paper,brier,eff_true_macro,94.95808255319822,0.9914360395958851,0.008563960404114793,3.255211605915762e-17,True,1.0,True,1.0,True,1.0,,,
paper,brier,eff_pred_micro,94.95808255319822,0.9906284998827444,0.009371500117255616,3.285163120250001e-17,True,1.0,True,1.0,True,1.0,,,
paper,brier,eff_pred_macro,94.95808255319822,0.9917189259006701,0.008281074099329827,3.121501100521071e-17,True,1.0,True,1.0,True,1.0,,,
paper,loglinear_nll,raw,96.14023197453851,0.5425746083194674,0.25367372222083906,0.2037516694596935,True,1.0,True,1.0,True,1.0,1.0808845498379152,0.5053535547814209,0.4059018393890488
