dims_color,dims_texture,dims_shape,solo_spread,sharpness_gap,raw_recovers_order,effective_recovers_order,raw_spearman,effective_spearman
16,16,64,18.72583814496567,0.14256798659513886,False,False,0.5,0.5
16,16,256,28.028402600507263,0.27985079737443513,False,False,0.5,0.5
16,16,1280,26.746243889146086,0.45812693833041057,False,False,-1.0,0.5
16,64,64,29.502128050806462,0.29351161841532963,True,True,1.0,1.0
16,64,256,29.502128050806462,0.29351161841532963,True,True,1.0,1.0
16,64,1280,29.502128050806462,0.45812693833041057,False,True,-0.5,1.0
16,256,64,42.20388233233123,0.4463634580597338,True,True,1.0,1.0
16,256,256,42.20388233233123,0.4463634580597338,True,True,1.0,1.0
16,256,1280,42.20388233233123,0.45812693833041057,False,True,-0.5,1.0
16,1280,64,43.62508750839241,0.546029695845522,False,True,-1.0,1.0
16,1280,256,43.62508750839241,0.546029695845522,False,True,0.5,1.0
16,1280,1280,43.62508750839241,0.546029695845522,True,True,1.0,1.0
64,16,16,30.7575346276033,0.3099832040118118,False,False,0.5,0.5
64,16,64,30.7575346276033,0.2959369834761749,True,True,1.0,1.0
64,16,256,30.7575346276033,0.2959369834761749,True,True,1.0,1.0
64,16,1280,30.7575346276033,0.45610416975195633,False,True,0.5,1.0
64,64,16,30.187831485448257,0.3099832040118118,False,False,0.5,0.5
64,64,64,13.876460805021026,0.1553917654594903,False,False,-0.5,0.5
64,64,256,4.573896349479433,0.018108954680194023,False,False,-0.5,0.5
64,64,1280,5.85605506084061,0.16461531991508094,False,False,0.5,0.5
64,256,16,42.88958576697303,0.45838691001691645,False,True,-0.5,1.0
64,256,64,26.578215086545796,0.30379547146459496,False,True,-0.5,1.0
64,256,256,17.275650631004204,0.16651266068529869,False,True,-0.5,1.0
64,256,1280,18.55780934236538,0.16016718627578141,False,True,0.5,1.0
64,1280,16,44.310790943034206,0.5580531478027047,False,True,0.5,1.0
64,1280,64,27.999420262606975,0.40346170925038316,False,True,-0.5,1.0
64,1280,256,18.696855807065383,0.2661788984710869,False,True,-0.5,1.0
64,1280,1280,19.97901451842656,0.24806994379089287,False,True,0.5,1.0
256,16,16,47.00604632154852,0.4899012837799519,True,True,1.0,1.0
256,16,64,47.00604632154852,0.47585506324431504,True,True,1.0,1.0
256,16,256,47.00604632154852,0.47585506324431504,True,True,1.0,1.0
256,16,1280,47.00604632154852,0.47585506324431504,False,True,0.5,1.0
256,64,16,44.59157885701008,0.4899012837799519,True,True,1.0,1.0
256,64,64,28.280208176582846,0.3353098452276304,False,True,0.5,1.0
256,64,256,18.977643721041254,0.19802703444833414,False,True,0.5,1.0
256,64,1280,20.25980243240243,0.18436621340743964,True,True,1.0,1.0
256,256,16,44.59157885701008,0.4899012837799519,False,True,0.5,1.0
256,256,64,28.280208176582846,0.3353098452276304,False,True,0.5,1.0
256,256,256,18.977643721041254,0.19802703444833414,False,True,0.5,1.0
256,256,1280,20.25980243240243,0.03151437376303545,True,True,1.0,1.0
1280,16,16,51.85449076970989,0.5708247995982274,True,True,1.0,1.0
1280,16,64,51.85449076970989,0.5567785790625905,True,True,1.0,1.0
1280,16,256,51.85449076970989,0.5567785790625905,True,True,1.0,1.0
1280,16,1280,51.85449076970989,0.5567785790625905,True,True,1.0,1.0
1280,64,16,49.44002330517145,0.5708247995982274,False,True,0.5,1.0
1280,64,64,33.12865262474422,0.4162333610459059,False,True,0.5,1.0
1280,64,256,23.826088169202627,0.27895055026660964,False,True,0.5,1.0
1280,64,1280,25.108246880563804,0.26528972922571514,False,False,0.5,0.5
1280,256,16,49.44002330517145,0.5708247995982274,False,True,0.5,1.0
1280,256,64,33.12865262474422,0.4162333610459059,False,True,0.5,1.0
1280,256,256,23.826088169202627,0.27895055026660964,False,True,0.5,1.0
1280,256,1280,25.108246880563804,0.11243788958131096,False,True,0.5,1.0
1280,1280,16,49.44002330517145,0.5708247995982274,False,True,0.5,1.0
1280,1280,64,33.12865262474422,0.4162333610459059,False,True,0.5,1.0
1280,1280,256,23.826088169202627,0.27895055026660964,False,True,0.5,1.0
1280,1280,1280,25.108246880563804,0.1006744093106342,False,True,0.5,1.0
