epoch,train_loss,val_accuracy,val_macro_f1
1,0.3851456728343668,98.35271317829456,98.31434196518549
2,0.05255313206164399,98.93410852713178,98.97066209928441
3,0.03104430876845561,99.06330749354005,99.06909323709834
4,0.019934389089991945,99.09560723514211,99.02995567622335
5,0.021457039056843263,98.83720930232558,98.16553373793033
6,0.020003002582347554,99.48320413436691,99.45372705050481
7,0.0070803693277011175,99.54780361757106,99.51156255347897
8,0.011738807382693875,98.61111111111111,98.5948709313044
9,0.019174483138616603,98.57881136950904,98.42192832300415
10,0.018281513775248392,98.25581395348837,97.90686534116338
