condition,calibrated,fused_test_accuracy,fused_test_macro_f1,val_macro_f1,solo_f1_color,alpha_color,effective_color,share_color,maxp_color,entropy_color,solo_f1_texture,alpha_texture,effective_texture,share_texture,maxp_texture,entropy_texture,solo_f1_shape,alpha_shape,effective_shape,share_shape,maxp_shape,entropy_shape,raw_recovers_order,effective_recovers_order,raw_spearman,effective_spearman,temperature_color,ece_before_color,ece_after_color,temperature_texture,ece_before_texture,ece_after_texture,temperature_shape,ece_before_shape,ece_after_shape
paper-split,False,92.57105943152455,91.03733218701703,90.98998410410762,85.36357083037865,0.4605711187625178,0.3983712167277139,48.30810664714822,0.963410882357402,0.0938432759235253,80.2343384682414,0.4530435806680204,0.3751068645815894,45.48697711428856,0.9506392305603436,0.12654012897629183,59.76907582945973,0.08638530056946173,0.05116863821024743,6.204916238563212,0.8659458853680853,0.35263209554821506,True,True,1.0,1.0,,,,,,,,,
paper-split,True,93.28165374677002,91.70556634859363,92.51600159093528,85.36357083037865,0.44970177933606575,0.366101256728187,48.588264845247636,0.8747843000036655,0.3831905457271354,80.2343384682414,0.44011114074151636,0.33540711769600773,44.51459689387086,0.8318928081252213,0.5059464769581922,59.76907582945973,0.1101870799224179,0.051968330072683165,6.897138260881494,0.6006197460466005,1.1837678002507488,True,True,1.0,1.0,2.86,0.09317665261581136,0.015674393775904075,2.98,0.1160139075629277,0.014327590969659095,3.1999999999999997,0.2536057516195648,0.030160354765779183
resplit-0,False,91.40826873385012,90.35033593602864,91.56965323667976,85.54590336246548,0.3567748241773148,0.3075782961601822,39.95938102851803,0.9639132267080336,0.09600661990010669,81.36154664844987,0.3530543556521139,0.291516969345615,37.87275565208834,0.9490364874418602,0.13123112669946863,58.799189074000566,0.29017082017057133,0.17063211325582844,22.167863319393625,0.8635278961705422,0.3591398411714577,True,True,1.0,1.0,,,,,,,,,
resplit-0,True,92.79715762273901,91.70875013986101,93.02101016015149,85.54590336246548,0.40187271781601924,0.323737869603575,44.460977898179216,0.8702599002370706,0.3999183305925521,81.36154664844987,0.42038981431526334,0.3205225080493079,44.019391873121414,0.8341591752411064,0.5014796785602842,58.799189074000566,0.17773746786871755,0.08387895914931744,11.519630228699379,0.603572742228885,1.1766943816696094,False,True,0.5,1.0,2.86,0.09308634844105834,0.02352019194526884,2.88,0.11408816702842356,0.015944254977156753,3.1,0.2577514822402741,0.026463096521654437
resplit-1,False,90.95607235142118,89.66582716923789,92.02951748169657,85.19434452200568,0.4605711187625178,0.397217331143205,48.64840021242013,0.9583527311826355,0.10342958586004705,80.19204573614063,0.4530435806680204,0.36990068351156974,45.30284828843736,0.9481341320662551,0.13519733706338513,58.00177879064683,0.08638530056946173,0.04938844682963376,6.0487514991425275,0.8655303108402348,0.3502074507078076,True,True,1.0,1.0,,,,,,,,,
resplit-1,True,92.82945736434108,92.00567129745207,93.31989334192741,85.19434452200568,0.38215390352242806,0.30987565468931305,43.8247472266399,0.8692310910559027,0.3914993746042658,80.19204573614063,0.38400905417089054,0.2889862345891528,40.87042170365397,0.8294889110291391,0.5178948180904461,58.00177879064683,0.23383704230668143,0.10821727101147159,15.304831069706134,0.6032457847716622,1.167593566887336,False,True,0.5,1.0,2.86,0.09013567691906968,0.00744927876562875,2.82,0.12290874838948325,0.010384807319344866,3.1799999999999997,0.2757370291864879,0.03836808241212687
resplit-2,False,90.92377260981912,89.56146201688001,89.99496683432994,85.26355620402757,0.3374252443136454,0.29206637891267406,38.683342209889986,0.9603852428391648,0.10121394420968084,79.79105842924322,0.3278789386574905,0.2692787894917987,35.6651922845617,0.9501534233466863,0.12453484860885966,57.87062552421798,0.33469581702886425,0.19367330266756105,25.651465505548316,0.8576212930706301,0.37395165062492225,False,True,0.5,1.0,,,,,,,,,
resplit-2,True,91.95736434108527,90.65023776650006,91.4471920136694,85.26355620402757,0.3374252443136454,0.2731856323904367,40.578540674613606,0.8658181484063595,0.4121734664772384,79.79105842924322,0.3278789386574905,0.24521254583700972,36.423464799757824,0.8189801531153874,0.5531879143455259,57.87062552421798,0.33469581702886425,0.154828674805602,22.997994525628574,0.5915420713039112,1.2090655440237086,False,True,0.5,1.0,2.8,0.08897308554218142,0.014568958763732126,3.26,0.12120845989698173,0.016486728902581033,3.1799999999999997,0.2600760734323871,0.026373742777991194
resplit-3,False,91.95736434108527,90.41385531501884,91.82451633438906,85.73779862734364,0.3567748241773148,0.30903394449175325,40.36577712799313,0.9592508510354515,0.10486942718261263,79.80002402737118,0.3530543556521139,0.2890821327248275,37.75968675689188,0.9518369448333149,0.12353122628639412,58.11686440788863,0.29017082017057133,0.16746795579202037,21.874536115114996,0.8607141287177409,0.3625466167320538,True,True,1.0,1.0,,,,,,,,,
resplit-3,True,93.21705426356588,91.96056231971565,92.73266509361807,85.73779862734364,0.34143770919167854,0.27814327472308253,40.42921320705644,0.8707623716323734,0.38737418053012296,79.80002402737118,0.35899890944080887,0.2703782608431195,39.300538059252396,0.8320717183665851,0.5097236570194403,58.11686440788863,0.29956338136751265,0.1394544418503852,20.270248733691165,0.5986056311638821,1.1768164627109396,False,True,0.5,1.0,2.7399999999999998,0.08635040500647231,0.016499614490570733,3.0,0.1242846354968364,0.0187916253176509,3.1599999999999997,0.27010827431119777,0.025072313808931032
resplit-4,False,91.56976744186046,90.45370025636787,89.81595719849508,85.4880577592893,0.3567748241773148,0.309123755983897,40.24669190851139,0.9567973107020812,0.10981250699426676,79.89001776865457,0.3530543556521139,0.28860262507817974,37.57492172848143,0.9467889806617014,0.13448045763472757,59.923802873498055,0.29017082017057133,0.17034607738145416,22.178386363007192,0.8621766218415877,0.359916269139549,True,True,1.0,1.0,,,,,,,,,
resplit-4,True,92.73255813953489,91.92895869378148,91.44990403507272,85.4880577592893,0.3861902064899405,0.31336370705197075,45.61722630469573,0.865813674987456,0.4060593699772696,79.89001776865457,0.2898143201091395,0.21933098502796208,31.928621453259176,0.8314661865928539,0.5067017884583371,59.923802873498055,0.32399547340091994,0.15424691405562882,22.454152242045097,0.6057739941047502,1.1619162810835488,False,True,0.5,1.0,2.7399999999999998,0.0795363287899364,0.013659488430439275,2.94,0.12185358014490541,0.01817181934545056,3.1199999999999997,0.2582013031782012,0.02279199464883496
resplit-5,False,91.82816537467701,90.3231441970932,90.97624310856804,85.01836780733395,0.38215390352242806,0.32952870861888944,42.04887474962999,0.9593821912944572,0.10312081416031141,80.92398058732805,0.38400905417089054,0.31642889704844623,40.37729858172052,0.9504734466006529,0.12708955038918357,60.10261744308676,0.23383704230668143,0.13772260118954138,17.57382666864949,0.8581527725837859,0.3720905192190021,False,True,0.5,1.0,,,,,,,,,
resplit-5,True,93.15245478036177,92.12704819277498,92.0234157571917,85.01836780733395,0.319036392818342,0.2599099219258227,37.858505519797326,0.8770229419488097,0.3737171728654018,80.92398058732805,0.3657133603364374,0.27698084680175117,40.34505816409318,0.8274842688168419,0.5249430811058036,60.10261744308676,0.3152502468452207,0.1496390304741092,21.79643631610949,0.6042525340771245,1.1640990294611284,False,False,0.5,0.5,2.6199999999999997,0.08858115770272593,0.019897708957244447,3.08,0.11815221853056779,0.011892545264874675,3.04,0.24947160277010677,0.027237989313705403
resplit-6,False,91.11757105943153,89.53991166878996,92.05690529837237,84.86522501386774,0.40983464207335146,0.355089085955322,45.199460650183994,0.9628704156983992,0.09692258124458283,80.19630741908277,0.3713251892993836,0.30330519651588594,38.6078644406464,0.950522254647021,0.12753385650781313,59.49045077847689,0.21884016862726502,0.127210414681028,16.19267490916961,0.8577729797574072,0.36443771118388674,True,True,1.0,1.0,,,,,,,,,
resplit-6,True,92.34496124031007,91.06510857408139,93.27347942874543,84.86522501386774,0.42565530628356424,0.34876477971856495,48.54579398060947,0.8797624532938565,0.3643981935933539,80.19630741908277,0.34143662336349295,0.2579624589072838,35.90670019762271,0.8365557129872446,0.4934949263458264,59.49045077847689,0.23290807035294278,0.11169705959012274,15.547505821767816,0.6141100631569684,1.1274114559464024,True,True,1.0,1.0,2.7199999999999998,0.0904543950265645,0.01993019454282034,2.88,0.1239718670501217,0.01698532242169803,3.06,0.2600665725710866,0.022224688618476294
resplit-7,False,92.15116279069767,91.3860373933991,90.50973452959425,86.63308338103678,0.38215390352242806,0.33425872329922257,42.26131263171457,0.964366990028495,0.09120380562631643,81.1268244362915,0.38400905417089054,0.3168183919289252,40.056280286811365,0.9468369787449331,0.13472139595575763,61.23216759795189,0.23383704230668143,0.13985601600730174,17.68240708147407,0.864428875756684,0.35430192339097766,False,True,0.5,1.0,,,,,,,,,
resplit-7,True,92.99095607235142,92.3333174932333,91.89559142500244,86.63308338103678,0.40983464207335146,0.33580721118928747,46.499052256716745,0.873077503242094,0.3889644593674412,81.1268244362915,0.3713251892993836,0.2821724172097439,39.07226985022686,0.8304735457100723,0.5104962124855933,61.23216759795189,0.21884016862726502,0.10420113635145979,14.428677893056404,0.6015479279407896,1.1805254178006332,True,True,1.0,1.0,2.92,0.08517300786911186,0.013917830296812029,2.88,0.11188865833149643,0.008901208560791239,3.1799999999999997,0.24602690918621042,0.035879512535037565
resplit-8,False,91.6343669250646,90.79795934045453,90.89958293417246,84.8743463453503,0.3544321525447857,0.30659073291966127,40.384048636784776,0.9551055397677252,0.11134971809788748,81.34548816803677,0.31639360887522194,0.2592828334249468,34.152664876730626,0.9470825092917977,0.13520667159416147,58.58695039602423,0.3291742385799925,0.1933141408542085,25.4632864864846,0.8722498399759858,0.3332943112044649,False,True,0.5,1.0,,,,,,,,,
resplit-8,True,93.28165374677002,92.52613865440841,92.04520964225094,84.8743463453503,0.36312685521054067,0.2943693453258119,42.86884742780296,0.865289467949668,0.4075749731455603,81.34548816803677,0.33659443784738236,0.2516983907926777,36.65469956041887,0.8187363993793337,0.5445479211117863,58.58695039602423,0.30027870694207703,0.14060653433296202,20.47645301177817,0.6036278507044331,1.176208823264099,True,True,1.0,1.0,2.6999999999999997,0.08301251651191122,0.015830900248891683,3.1,0.1191204864052966,0.015670936868191085,3.3,0.27115164876151554,0.030071177221133647
